"hash","profile__id","to"
"0x5b77f2ca05ffbbb5f68675bc02f8a6ea2e4ad83c631384bc68d34eca8efc423b","0x0db21a557d20bd7d643021fc8a1a11f48b7601b9","0xa46d16fb9f228785cf1a7c20415bb5afc193945a"
"0x51acdbdd853b52eaade9801ceedf1575ee5e8e0b8239a794b6678ad6e67c41e3","0x0db21a557d20bd7d643021fc8a1a11f48b7601b9","0xa46d16fb9f228785cf1a7c20415bb5afc193945a"
"0x36e362a86eb4042bac190cd3381b88963594abb2e058d172230a219dd528a188","0x718252f01f3dc294ac5ad74f537c0829bb42c20a","0xa46d16fb9f228785cf1a7c20415bb5afc193945a"
"0x55a0ce3d3eea0f76d166402921447110284a41c244f925440750bc5b9867f40f","0x9a87b52ffcc9aaeac0a114cd727dc471d32cdb9a","0xa46d16fb9f228785cf1a7c20415bb5afc193945a"
"0x60528e855f83067bb23b64dd2d63897c2a65c5e22e9cc597edbf8f8ce3eebcd9","0x9a87b52ffcc9aaeac0a114cd727dc471d32cdb9a","0xa46d16fb9f228785cf1a7c20415bb5afc193945a"
"0x437e9bb256b2d14fed2e09b3a408ba51aea690eb59ad1db2f90b72c26f5145b2","0xb9ddae8a609167472549f7a68425c47dba3515ec","0xa46d16fb9f228785cf1a7c20415bb5afc193945a"
"0x08d1b58d5cb610166a57adb2e8602b01e4b9a7dec89feaec9ff1fd5f5d691e75","0xa3abc1e6a7682452b1dc17ebe3581aca08cbbd21","0xa46d16fb9f228785cf1a7c20415bb5afc193945a"
"0xcc4f2380a3e604481aa6702074b72f84805bd27e6e926caf20a8d19a7c9f70a3","0xa3abc1e6a7682452b1dc17ebe3581aca08cbbd21","0xa46d16fb9f228785cf1a7c20415bb5afc193945a"
"0xae4d9c355630068adfccaa0a77a922b0e32c627aa9cb2e24e5240d4c23049ce4","0xb9ddae8a609167472549f7a68425c47dba3515ec","0xa46d16fb9f228785cf1a7c20415bb5afc193945a"
"0x6d681edf6ca3282081fe85d2b17ac94861142bbc7b18d1e03b1d66b415812608","0x1f7249c0dabfdc88730fe6720b81b956b599018f","0xa46d16fb9f228785cf1a7c20415bb5afc193945a"
"0xc0bde79a40efdadb1cde23a0ace38cff5e3593cef3b55ddadb6bc3982bb3aea8","0x1f7249c0dabfdc88730fe6720b81b956b599018f","0xa46d16fb9f228785cf1a7c20415bb5afc193945a"
"0x9a7fe130c15164fd49bc648eebaae712c0df9d8b63bd0386398769c580da5c26","0x337ec021ace842e3d2c76931921942d10945d5ba","0xa46d16fb9f228785cf1a7c20415bb5afc193945a"
"0xab4da93f9ac6f4360e3562053b7b396e2b7786fcfd9a2b76711f140f89eaa034","0xc2b6f381336219bc8df77cdbb3444c572ff187e3","0xa46d16fb9f228785cf1a7c20415bb5afc193945a"
"0x99e37416bf038e45610527430badfe6e3393dab7abb0fdc86c5c401b412e6936","0xc2b6f381336219bc8df77cdbb3444c572ff187e3","0xa46d16fb9f228785cf1a7c20415bb5afc193945a"
"0x8b0f32ab93d53754c6c5f1bdcd0087de58bfe5f760b806bc32e9d76ce27288ef","0xb9ddae8a609167472549f7a68425c47dba3515ec","0xa46d16fb9f228785cf1a7c20415bb5afc193945a"
"0x5d494b372c0681fff4abda39fc83ca0be46d0a02aee794f80ffdd5c7f8f5ad25","0x5b5c0ec9a8f35034a433e3e18314bf4fa1ac9c4f","0xa46d16fb9f228785cf1a7c20415bb5afc193945a"
"0x24cfb0745b5f98859c6371c3b430154d8cf0556fbc46611b88d10bc9e79a649a","0xb9ddae8a609167472549f7a68425c47dba3515ec","0xa46d16fb9f228785cf1a7c20415bb5afc193945a"
"0x9972671c2439a2dc923b04bbea3e6d2a062b70d0375b1e654e29ee2bdf7ec133","0xb9ddae8a609167472549f7a68425c47dba3515ec","0xa46d16fb9f228785cf1a7c20415bb5afc193945a"
"0x93a2d142c8d7d62c712235176e5ccfa3d42023c76263fad82145a8313b145d46","0x0ec64435edb38bfba8dd5ea95def3bd489eacd27","0xa46d16fb9f228785cf1a7c20415bb5afc193945a"
"0x525cb238b5d886e081d89244785dc1a1459b03f1e0d675c2665fec9fb89241f0","0xdb52ee2e99a5f4937b78bbaefdb7c59606bbadac","0xa46d16fb9f228785cf1a7c20415bb5afc193945a"
"0x6825f91e44f74ab5d83da0ddd1e4c8e1a27f7bce2064ac9e59f19d97e655acbe","0xb9ddae8a609167472549f7a68425c47dba3515ec","0xa46d16fb9f228785cf1a7c20415bb5afc193945a"
"0x827ec35c0598b2117fd3a239b169ca470587b3bbea75be11e98da7afd6c5509b","0xb9ddae8a609167472549f7a68425c47dba3515ec","0xa46d16fb9f228785cf1a7c20415bb5afc193945a"
"0x60f1312ac667404d4d06b7ce42c31f1b9515b5cfad7e88dee5841e323b240bc6","0x084caf1bf60e49aec07ec4148a3f1f0f57fd11eb","0xa46d16fb9f228785cf1a7c20415bb5afc193945a"
"0xcf0be986ac7b3b3030bb58a00e9a2ea83ee7e333501eeef68ed91fe864c56337","0x7a0ec3997dd046048417fb3e98b4e8be8f831429","0xa46d16fb9f228785cf1a7c20415bb5afc193945a"
"0xe17cc482e549bbc25a904603b68b8cd1f6c96a7e79fb8d27e1f54002b2093c82","0x148408297d7a661e379ed22788982fd90e139d8a","0xa46d16fb9f228785cf1a7c20415bb5afc193945a"
"0x71c8ede8d554429413aeb28e5d304188b0b27757e01cc1045503510e73c22b9c","0x1e2cb6f2337f9d69eb76823954395af21dafc704","0xdf9124ee97d7a8eb8fe845b6c6ee8a8d75b55a57"
"0x64b680977624df7a8470d7441cc58d5af5abac238279df08546546290d8b4c8b","0x1e2cb6f2337f9d69eb76823954395af21dafc704","0xdf9124ee97d7a8eb8fe845b6c6ee8a8d75b55a57"
"0x62bd98851d7a8b1cfd60304b29121a6647a8550a3aba1b066ccb038872b9f85f","0x5029983455dbeb71b0245f2cea3531cc5f7debf8","0xa46d16fb9f228785cf1a7c20415bb5afc193945a"
"0x8acb7bd859fe83ba5e1d1a076deacb1241e35575392fa79a6bbe57faa89fa8e6","0x2ae36480ab39757916bf69bd9c3e3b192ae49d20","0xa46d16fb9f228785cf1a7c20415bb5afc193945a"
"0x03e432daf8bd2efd0a0d29320485fc4a2923f5e9bd060c6c31dfbe10d8f4a4e4","0x03fee3f793f058bb6e588ee553c84dd75d2e440f","0xa46d16fb9f228785cf1a7c20415bb5afc193945a"
"0x4050e1fb7721dca66d26d9759ef84078fdedfc213e44d5d42dad020b2645028c","0x03fee3f793f058bb6e588ee553c84dd75d2e440f","0xa46d16fb9f228785cf1a7c20415bb5afc193945a"
"0x6fa97db1cd0550369638473c6edb14c2bf918de2b510f745de1c832d1852df75","0x6890d6628c0df68674c4a933ec9e2d3fb033b64e","0xa46d16fb9f228785cf1a7c20415bb5afc193945a"
"0x4c1391b57f7cb269c07c90d4f82765c3f12a1b382e4da46a92e3e2e0217cd142","0x6890d6628c0df68674c4a933ec9e2d3fb033b64e","0xa46d16fb9f228785cf1a7c20415bb5afc193945a"
"0x1af8dd6fe853febb15795402282b4bfe666734c488644a875902bbf94ec77a7b","0xb9ddae8a609167472549f7a68425c47dba3515ec","0xa46d16fb9f228785cf1a7c20415bb5afc193945a"
"0xab3301c143e5a95c13f350add35ba77e4f7e8870a291567397150ceafea6b046","0xb9ddae8a609167472549f7a68425c47dba3515ec","0xa46d16fb9f228785cf1a7c20415bb5afc193945a"
"0x28bc21c9c2191d68e70c03ca54bd6b9a83e332a15fe7e1375145c8ce0f3313c1","0x53cc46e6ea82fd746e3f81eb8de9929089271b6d","0xa46d16fb9f228785cf1a7c20415bb5afc193945a"
"0xbc5177f2755c81cf4772b62495c5c008fd4b61bf1f74b7a1d09c7a9d71664ab4","0x7aae18297cd02146b9c14f19ab1e597d7ac31341","0xa46d16fb9f228785cf1a7c20415bb5afc193945a"
"0x0d7befb71eaabb9dc395877c4ef9309ea487bf0040768cd5e63687a932976b11","0xb9ddae8a609167472549f7a68425c47dba3515ec","0xa46d16fb9f228785cf1a7c20415bb5afc193945a"
"0x609da5d8fe1baf0aaa30daba8a749a60ac45f5606a8bafd17a6a70f38ef40437","0xedd825ba58be34d06d89f5b3c52bbec3b5f6a46b","0xa46d16fb9f228785cf1a7c20415bb5afc193945a"
"0x5376d11fad7dd7fd29827ac42533a9a8b07be94df310ddaf46056ce12377109a","0xb9ddae8a609167472549f7a68425c47dba3515ec","0xa46d16fb9f228785cf1a7c20415bb5afc193945a"
"0x95d9c0ed81ecaecc84582ca7bf5e97a01833843be8904252d22f9cf3448ce5a8","0xb9ddae8a609167472549f7a68425c47dba3515ec","0xa46d16fb9f228785cf1a7c20415bb5afc193945a"
"0xc26ef63bab1685b35496c6da6875a6c4ee62668c631c76772ebd7ea889facc01","0x495ffae33e3be653a617a83edcd485b135e0a812","0xa46d16fb9f228785cf1a7c20415bb5afc193945a"
"0xdd37167b1c0118ba61c176edf18ce3621ca246b8ee2729e0c640f2ad54fe3ad8","0xf001197e5c9a528f0bcc1be65727de28ab2bb774","0xa46d16fb9f228785cf1a7c20415bb5afc193945a"
"0xdfea310ae46e301dc94ab749d47c7b05771b7d1002a523c088f1da09b171862b","0xbd64cf00d680ecd854fafdb347b2206777328e4b","0xdf9124ee97d7a8eb8fe845b6c6ee8a8d75b55a57"
"0x7676960deadd38d08083f9f3587236beded9a6194caff7e929abe50c0ff26c42","0xb9ddae8a609167472549f7a68425c47dba3515ec","0xa46d16fb9f228785cf1a7c20415bb5afc193945a"
"0x2305681741a10bf8f4a7137859b08cf72cf20c9034e4fe0c95b4aa2ac957cedf","0xb9ddae8a609167472549f7a68425c47dba3515ec","0xa46d16fb9f228785cf1a7c20415bb5afc193945a"
"0x1730038859e468d521ec7c2b690d6880a1330f1a0da5466cc496d706405a1844","0xb9ddae8a609167472549f7a68425c47dba3515ec","0xa46d16fb9f228785cf1a7c20415bb5afc193945a"
"0x0d44b881b8835501cbd0f6df3b0d388e424f713067f8d2dfd387d1f189c8befc","0x718252f01f3dc294ac5ad74f537c0829bb42c20a","0xa46d16fb9f228785cf1a7c20415bb5afc193945a"
"0x31bfa4b1e3f693bd51bbcf85dba064f144fab3d3a593b0772f3391c1ecb24dda","0xb9ddae8a609167472549f7a68425c47dba3515ec","0xa46d16fb9f228785cf1a7c20415bb5afc193945a"
"0x31bfa4b1e3f693bd51bbcf85dba064f144fab3d3a593b0772f3391c1ecb24dda","0xa46d16fb9f228785cf1a7c20415bb5afc193945a","0xa46d16fb9f228785cf1a7c20415bb5afc193945a"
"0x8d17348e6bec27f0a103ed71f722c32e0eed2e344e5fb14ccbb93bc252a53bfe","0x337ec021ace842e3d2c76931921942d10945d5ba","0xa46d16fb9f228785cf1a7c20415bb5afc193945a"
"0x4b734953a13cf17a1541171b5b451cf4ee0f7ae21d12a71e8e9adb4961e6afeb","0xcd4044ea483d3c63fdcf5cc4eed15878ceb518c8","0xa46d16fb9f228785cf1a7c20415bb5afc193945a"
"0x62049c35032fa98ebf0fb6a3001f6b7cf35d6b38dd6993015c0e7dcb33e512ab","0xe3e62cac867db8cbf3a61530a372fb7961b13f0a","0xa46d16fb9f228785cf1a7c20415bb5afc193945a"
"0x9d944ffd77a7e0140993adcda981fbd9068ee0b56df7eb6f9d4348b36b2baa76","0xb9ddae8a609167472549f7a68425c47dba3515ec","0xa46d16fb9f228785cf1a7c20415bb5afc193945a"
"0x34fbd697461fdaf8174f0894707fa2d80964d7f4cedc1a641d36cc0d7fd2881a","0xb9ddae8a609167472549f7a68425c47dba3515ec","0xa46d16fb9f228785cf1a7c20415bb5afc193945a"
"0x34fbd697461fdaf8174f0894707fa2d80964d7f4cedc1a641d36cc0d7fd2881a","0xa46d16fb9f228785cf1a7c20415bb5afc193945a","0xa46d16fb9f228785cf1a7c20415bb5afc193945a"
"0x2c76acb48245d95009886d6a4ed4d50f8a6dfe5977661d47b154d1fd0d3af571","0x0ec64435edb38bfba8dd5ea95def3bd489eacd27","0xa46d16fb9f228785cf1a7c20415bb5afc193945a"
"0x2bf1eb2d522532c81e6706fd9849993e340cc64462198f55eed1bc9fdfc3b1a3","0x7f3192a79efeee09efdceef7b99549767784efd8","0xa46d16fb9f228785cf1a7c20415bb5afc193945a"
"0xa142e59fc8c3b893cac6f7ef2176eb1ec0d88484ea74e68e66fe7d01c934db8a","0xb9ddae8a609167472549f7a68425c47dba3515ec","0xa46d16fb9f228785cf1a7c20415bb5afc193945a"
"0x817bea39341bef7f65a586b7c0c3da39cc888ae5140180262d5bc840bcae732d","0x7f3192a79efeee09efdceef7b99549767784efd8","0xa46d16fb9f228785cf1a7c20415bb5afc193945a"
"0x03108f29b1a9cd39daa66ca07ec86b5c9dbb0b1d55c9a628cb1df5260c1fa4ce","0x89be343c987e9339207d73f1ab7ff6ac2c9621fd","0xa46d16fb9f228785cf1a7c20415bb5afc193945a"
"0xf0f8cd71b339bfca113188cbc6a1ff3080c688fe3d2777daee1b470efffdbf0b","0xb9ddae8a609167472549f7a68425c47dba3515ec","0xa46d16fb9f228785cf1a7c20415bb5afc193945a"
"0xc558897a2bf6aa5e4ff705d3bea5c77a87414e10e072a6a4b4961d3542bcea7a","0xb9ddae8a609167472549f7a68425c47dba3515ec","0xa46d16fb9f228785cf1a7c20415bb5afc193945a"
"0xb3aa7601263e08afde3c510e1eccadcd143c73bd8a0176a4f345fad9480dfec7","0xb9ddae8a609167472549f7a68425c47dba3515ec","0xa46d16fb9f228785cf1a7c20415bb5afc193945a"
"0x4f0453f49b07a2775c1ec8190812c2e3b204aa041c440bc97fa49221cba8b536","0x098089cdf97493e1a42fb27923943437d42b77b2","0xa46d16fb9f228785cf1a7c20415bb5afc193945a"
"0xb536ee8ee9d02b04e12e2adb13fdf510ca469a97d6be02c0b1af4fe41b3cc198","0xb9ddae8a609167472549f7a68425c47dba3515ec","0xa46d16fb9f228785cf1a7c20415bb5afc193945a"
"0x42cc0428895c1f14d50b0a8b57a5eeabecabe3a580c3dcd680a73f43c2180f38","0x7f3192a79efeee09efdceef7b99549767784efd8","0xa46d16fb9f228785cf1a7c20415bb5afc193945a"
"0xbd0694297b41a0691567e9c91e73f54966e425521125b26a2cead72eacf4719f","0xb9ddae8a609167472549f7a68425c47dba3515ec","0xa46d16fb9f228785cf1a7c20415bb5afc193945a"
"0xc1fd707af0da9f30614662303d15880addc5fd3450a7f626b55258535ea0cca5","0xb9ddae8a609167472549f7a68425c47dba3515ec","0xa46d16fb9f228785cf1a7c20415bb5afc193945a"
"0x4db536f6dfd022caf803a32c5033b2c13af828d9a1dec939522924e667a96128","0x5952f70fef1cbc26856d149646d4a8f97e923ee7","0xa46d16fb9f228785cf1a7c20415bb5afc193945a"
"0x83920717456f80f07ef03a50319d8dc1f12fbe52340e49f113b4f7957456f052","0x5952f70fef1cbc26856d149646d4a8f97e923ee7","0xa46d16fb9f228785cf1a7c20415bb5afc193945a"
"0x9590b8cec44e544d949441bbd9f4bb46cab2e465881d4bc5473c5e5bd24d231c","0xb9ddae8a609167472549f7a68425c47dba3515ec","0xa46d16fb9f228785cf1a7c20415bb5afc193945a"
"0xadd8e3fd7bfc5127c63ce058c5ef1855fb2ec2890c2f9492b9c40cba47ba41d6","0x7360657cd887a38fca8f25a823ca13a2f1832836","0xdf9124ee97d7a8eb8fe845b6c6ee8a8d75b55a57"
"0xd098039ed372cbeb977224cd410e453e46744f3e81e0a49a0bee6c9f36e88e6f","0xb9ddae8a609167472549f7a68425c47dba3515ec","0xa46d16fb9f228785cf1a7c20415bb5afc193945a"
"0xafebc0086d023c9604888baedaf29745d95d22ca6f9c03ad6b75490685889a84","0xb9ddae8a609167472549f7a68425c47dba3515ec","0xa46d16fb9f228785cf1a7c20415bb5afc193945a"
"0x220e794460290bb5dcd2122eb40431cc07141c2a281acea97c6b39dbb2ba939c","0x78a5ab8ff700400e546616fd057eb6d9b65749a6","0x78a5ab8ff700400e546616fd057eb6d9b65749a6"
"0x220e794460290bb5dcd2122eb40431cc07141c2a281acea97c6b39dbb2ba939c","0x78a5ab8ff700400e546616fd057eb6d9b65749a6","0x78a5ab8ff700400e546616fd057eb6d9b65749a6"
"0x5b505b28b059e0770892ce6d3be01ccb296a95d5cf5f131d80b5277925cb50aa","0x804da763d94440e71079b1932b0c2dac57e283ff","0x804da763d94440e71079b1932b0c2dac57e283ff"
"0x5b505b28b059e0770892ce6d3be01ccb296a95d5cf5f131d80b5277925cb50aa","0x804da763d94440e71079b1932b0c2dac57e283ff","0x804da763d94440e71079b1932b0c2dac57e283ff"
"0xfc5f4c10bdcc13414c068bb038bbfb3c294cad35b23a033d4fe9a05e5a6c1663","0xb9ddae8a609167472549f7a68425c47dba3515ec","0xa46d16fb9f228785cf1a7c20415bb5afc193945a"
"0x6753c398650ee006431e6e80594ef94ed89e548e8e03969e744b16ac0936aa17","0xb9ddae8a609167472549f7a68425c47dba3515ec","0xa46d16fb9f228785cf1a7c20415bb5afc193945a"
"0x370cfc483d8a9fb245fb8fabd818e286ee49119345cee69aed83ada88c85bbe7","0xb9ddae8a609167472549f7a68425c47dba3515ec","0xa46d16fb9f228785cf1a7c20415bb5afc193945a"
"0x370cfc483d8a9fb245fb8fabd818e286ee49119345cee69aed83ada88c85bbe7","0xa46d16fb9f228785cf1a7c20415bb5afc193945a","0xa46d16fb9f228785cf1a7c20415bb5afc193945a"
"0xbe75bd8ce1284de4d4f80ad52617cdea1accc3bf173b37be9f50978de1350ade","0x21fec32480a900b3bca71745da6366d0775d2e9a","0xa46d16fb9f228785cf1a7c20415bb5afc193945a"
"0xceecdabfbb6cc01d7ec98c07c84ddda761b63d70c1e9bb7114005d0488e38373","0xb9ddae8a609167472549f7a68425c47dba3515ec","0xa46d16fb9f228785cf1a7c20415bb5afc193945a"
"0xa4047cef7af8b7740705a16bfc70136202306e0a84cd257800144676590916d0","0xb9ddae8a609167472549f7a68425c47dba3515ec","0xa46d16fb9f228785cf1a7c20415bb5afc193945a"
"0xd6c7d843cb06ee9af5b91ad6a68bdb86a4b03ad2c69e770b1eb4439270cd763b","0xb9ddae8a609167472549f7a68425c47dba3515ec","0xa46d16fb9f228785cf1a7c20415bb5afc193945a"
"0x01e2cb95f2793d540c3ebe1b0e64d21a59daf593177c073ed22e3960a2b736ec","0x85402c0e7ca901097017118105a7c83651a5b232","0xa46d16fb9f228785cf1a7c20415bb5afc193945a"
"0x6a667c2429dcdd42de96ce8163448c657a9174ce89894d7ea43089ce105fbabd","0xb9ddae8a609167472549f7a68425c47dba3515ec","0xa46d16fb9f228785cf1a7c20415bb5afc193945a"
"0x7483e20f53f9b9f661bb0811ad63e4497f7ead62b179beb46edb37e87a883db6","0xb9ddae8a609167472549f7a68425c47dba3515ec","0xa46d16fb9f228785cf1a7c20415bb5afc193945a"
"0x8b44abf28451608e9e1e25b29e88cc41cd47743147ea470793e03d99f3d18af0","0xb9ddae8a609167472549f7a68425c47dba3515ec","0xa46d16fb9f228785cf1a7c20415bb5afc193945a"
"0x26ec6d1c36e711df57c3d99f2efe378af62add07bd3f0e232d35f2d87802299b","0xb9ddae8a609167472549f7a68425c47dba3515ec","0xa46d16fb9f228785cf1a7c20415bb5afc193945a"
"0x9a0adf08d2f19949e6134da833750afbc7f753fb8b4981a23d72ef303bc2b790","0x22a1544f21d049c140816657a70872e96e01f1af","0xa46d16fb9f228785cf1a7c20415bb5afc193945a"
"0x582cbc4adaad82f2c404c3703610847949865e432a5fd03b8e67eb5a53d62731","0xb9ddae8a609167472549f7a68425c47dba3515ec","0xa46d16fb9f228785cf1a7c20415bb5afc193945a"
"0xb50acad98c16e6dbcc091486fae9f78a43ab8397e284e685adb0bea5a4b14d9b","0xb9ddae8a609167472549f7a68425c47dba3515ec","0xa46d16fb9f228785cf1a7c20415bb5afc193945a"
"0xb580ede1c39dfbd9412f36dc53de20172265988313ca696ffd9223949a2e3c9f","0xb9ddae8a609167472549f7a68425c47dba3515ec","0xa46d16fb9f228785cf1a7c20415bb5afc193945a"
"0x506a2a58f81a5f96831a7c5ca1e3d46ec5b564a4ee85106c60b24a88cdadb48b","0xd42cbc05975e1403f2c234821f26f54cca60740c","0xa46d16fb9f228785cf1a7c20415bb5afc193945a"
"0xf0d9545c2d20fc0aad2f28b0d5da2b28876ad376b73dd6db5b785132775bbdef","0x718252f01f3dc294ac5ad74f537c0829bb42c20a","0xa46d16fb9f228785cf1a7c20415bb5afc193945a"
"0x495861a58911cdb984e5f9f696e7a4ec31ce5de8789e42920ad70503ea3bdadb","0x89be343c987e9339207d73f1ab7ff6ac2c9621fd","0xa46d16fb9f228785cf1a7c20415bb5afc193945a"
"0xf2bbddf1d77e378b98992d92bb775857a002567c4daa1e97adf9aad2bcb460af","0x22a1544f21d049c140816657a70872e96e01f1af","0xa46d16fb9f228785cf1a7c20415bb5afc193945a"
